evaluation_set,rmse,mae,r2
corn_belt_cv,21.970419679325015,17.21761837554353,0.0770990027661762
kansas_transfer,59.85325156577783,51.2512000008596,-1.6975125804504825
