evaluation_set,rmse,mae,r2
corn_belt_cv,22.48082546344695,17.728641230330105,0.03372016344699069
kansas_transfer,62.39462292558566,54.06081533529684,-1.9314487796156325
