evaluation_set,rmse,mae,r2
corn_belt_cv,22.167280015745117,17.42024595628147,0.06048606921809352
kansas_transfer,60.058968995294286,51.29036726730764,-1.7160873107175942
